"model","p_value"
"pc1",0.520916749470676
"pc2",0.182183734380529
"pc3",0.325739386503118
"pc4",0.145528921552847
"pc5",0.703077995916101
