"model","p_value"
"mtld",1.47465985393528e-11
"dep_dist",0.698629430323345
"error_rate",0.00875761927953881
